No,Primer Name,Sequence,direction,length
1,gag2_F1,GACATCTAGTGGCAGAAACT,F,20
2,gag2_R1,CCGAACTTCTTTTCCTCTACT,R,21
3,gag2_F2,AGACATCTAGTGGCAGAAAC,F,20
4,gp362_F1,GAGACATACAAGAGGTGTGC,F,20
5,gp362_R1,CGCCTGATCCTTTAGGTATT,R,20
6,gp362_F2,AGAAAAACGGTACTCCTCTG,F,20
7,gp362_R2,GTCGCAACATTTCTTGTTGT,R,20
8,LTR52_F1,GCTTGCTTGCTTAAAGACC,F,19
9,LTR52_F2,TTCCCATCTCTCCTAGTCG,F,19
10,LTR52_R2,TTCTTCAAGTCCCTGTTCG,R,19
11,LTR52_F3,GACCTCTTCAATAAAGCTGCC,F,21
12,LTR52_R3,TCTTCAAGTCCCTGTTCGG,R,19
22,gp36_492R1,TGTTGCTGGGGTTCTCCATGGAGTATTCAT,,30
23,gp36_492F2,AGTCTGCCACACTACTGTACCATG,,24
24,gp36_765F1,GCGACATGACTTGGTTCCTT,,20
25,gp36_765R1,GTGACATGTCTATTGCCATTCTAT,,24
26,P1,TGCAAGGGATGTTTTACAGTGAGAGAAGACATAGAATCCTAGA,,43
27,LIRF,AGCAGGTAGAGCCTGGGTGTT,,21
28,LTRR,GCCGTGTTCCAAGACTTCTC,,20
29,GF,CTGTAGCCAGAAAGGGCTTG,,20
30,RGL,CTCGCGCCCATCTCCCA,,17
31,RG,GCTTGTTGTCCCTGCTAT,,18
32,FGP,CAGTAAAGAATTGGATGA,,18
33,Pol 2F,TAAATCTACCCGTCGCCAAG,,20
34,PF,GCAGAAGCGGAGCTAGAAGA,,20
35,Pol 2R,GTGGTGGGGTGGATACAAAG,,20
36,Pol 4F,CAGCCCATAAAGGCATAGGA,,20
37,RP1,ACTATCTGTCTTGCCACTA,,19
38,Pol 4R,ATCCCCTATTCCTCCCCTTC,,20
39,P6,TGGTGGACTTGCAGACGCGTAATATTCCC,,29
40,P4,TTTTCCCCTCTGATGGCTCTTCTTACTTC,,29
41,RP2,GCATCAGACAAGTGAGT,,17
42,EFMP,CCTCCAGGCAAGAGTCACTGCTAT,,24
43,P8 ,TGCTAGGGATTTTCCTGC-3,,20
44,gp110FA,CTCAGGATTGGGAGAGGAAGAGGTAGTCAA,,30
45,gp110RA,GATCCTTTAGGTATTTCTCTATAGCAGTGACT,,321
46,gp110FB,AGTAGCTTCCACTTGCACCAGGATGATGGAAACG,,34
47,gp110RB,TCCAATCAAGGAACCAAGTCATGTCGCAGTAG,,32
98,MR1,AAAGAGGTGTGTTTGTGCTAGGGTTC,,26
99,MR2,GGCGAATCAGCAGGCGGATCAGG,,23
100,ROD1,CAGCAACAGCTGTTGGACGTG,,21
101,H2TF,ATGGAGACACCCTTGAAGGCG,,21
102,H2TR,GCTGGCGGATCAGGAAATG,,19
103,H2A,GGGGCTCGGGATATGGTATG,,20
106,gp36_F1,GCGACATGACTTGGTTCCTT,,20
107,gp36_R1,GTTACAGCCCCATCTGGAAA,,20
108,gp36_F2,AGTCTGCCACACTACTGTACCATG,,24
109,gp36_R2,GTGACATGTCTATTGCCATTCTAT,,24
123,gp36FB,CCTGGCCGATAGCATATATACATTTCCTGA,,30
124,gp36RB,TGTTGCTGGGGTTCTCCATGGAGTATTCAT,,30
125,gp110FA,CTCAGGATTGGGAGAGGAAGAGGTAGTCAA,,30
126,gp110RA,GATCCTTTAGGTATTTCTCTATAGCAGTGACT,,32
127,gp110FB,AGTAGCTTCCACTTGCACCAGGATGATGGAAACG,,34
128,gp110RB,TCCAATCAAGGAACCAAGTCATGTCGCAGTAG,,32
