name,sequence
gag2_R1,CCGAACTTCTTTTCCTCTACT
gag2_F2,AGACATCTAGTGGCAGAAAC
gp362_F1,GAGACATACAAGAGGTGTGC
gp362_R1,CGCCTGATCCTTTAGGTATT
gp362_F2,AGAAAAACGGTACTCCTCTG
gp362_R2,GTCGCAACATTTCTTGTTGT
LTR52_F1,GCTTGCTTGCTTAAAGACC
LTR52_F2,TTCCCATCTCTCCTAGTCG
LTR52_R2,TTCTTCAAGTCCCTGTTCG
LTR52_F3,GACCTCTTCAATAAAGCTGCC
LTR52_R3,TCTTCAAGTCCCTGTTCGG
gp36_492R1,TGTTGCTGGGGTTCTCCATGGAGTATTCAT
gp36_492F2,AGTCTGCCACACTACTGTACCATG
gp36_765F1,GCGACATGACTTGGTTCCTT
gp36_765R1,GTGACATGTCTATTGCCATTCTAT
P1,TGCAAGGGATGTTTTACAGTGAGAGAAGACATAGAATCCTAGA
LIRF,AGCAGGTAGAGCCTGGGTGTT
LTRR,GCCGTGTTCCAAGACTTCTC
GF,CTGTAGCCAGAAAGGGCTTG
RGL,CTCGCGCCCATCTCCCA
RG,GCTTGTTGTCCCTGCTAT
FGP,CAGTAAAGAATTGGATGA
Pol 2F,TAAATCTACCCGTCGCCAAG
PF,GCAGAAGCGGAGCTAGAAGA
Pol 2R,GTGGTGGGGTGGATACAAAG
Pol 4F,CAGCCCATAAAGGCATAGGA
RP1,ACTATCTGTCTTGCCACTA
Pol 4R,ATCCCCTATTCCTCCCCTTC
P6,TGGTGGACTTGCAGACGCGTAATATTCCC
P4,TTTTCCCCTCTGATGGCTCTTCTTACTTC
RP2,GCATCAGACAAGTGAGT
EFMP,CCTCCAGGCAAGAGTCACTGCTAT
P8 ,TGCTAGGGATTTTCCTGC-3
gp110FA,CTCAGGATTGGGAGAGGAAGAGGTAGTCAA
gp110RA,GATCCTTTAGGTATTTCTCTATAGCAGTGACT
gp110FB,AGTAGCTTCCACTTGCACCAGGATGATGGAAACG
gp110RB,TCCAATCAAGGAACCAAGTCATGTCGCAGTAG
MR1,AAAGAGGTGTGTTTGTGCTAGGGTTC
MR2,GGCGAATCAGCAGGCGGATCAGG
ROD1,CAGCAACAGCTGTTGGACGTG
H2TF,ATGGAGACACCCTTGAAGGCG
H2TR,GCTGGCGGATCAGGAAATG
H2A,GGGGCTCGGGATATGGTATG
gp36_F1,GCGACATGACTTGGTTCCTT
gp36_R1,GTTACAGCCCCATCTGGAAA
gp36_F2,AGTCTGCCACACTACTGTACCATG
gp36_R2,GTGACATGTCTATTGCCATTCTAT
gp36FB,CCTGGCCGATAGCATATATACATTTCCTGA
gp36RB,TGTTGCTGGGGTTCTCCATGGAGTATTCAT
gp110FA,CTCAGGATTGGGAGAGGAAGAGGTAGTCAA
gp110RA,GATCCTTTAGGTATTTCTCTATAGCAGTGACT
gp110FB,AGTAGCTTCCACTTGCACCAGGATGATGGAAACG
gp110RB,TCCAATCAAGGAACCAAGTCATGTCGCAGTAG
